Gene.Symbol,Essentiality_Rep1,Essentiality_Rep2
AAMP,-1.52800201,-1.338758858
AARS,-1.794768618,-1.740875331
AASDHPPT,-1.985242582,-1.348690589
AATF,-1.05214575,-1.199326362
ABCB7,-1.268586106,-0.976569016
ABCE1,-1.547563868,-1.457093488
ABCF1,-1.124900292,-0.775289293
ABT1,-1.185493751,-1.156829144
ACAD9,-1.481730159,-0.79208691
ACLY,-2.222403351,-1.29154988
ACO2,-1.154906655,-0.864723171
ACTB,-1.552384844,-1.18723661
ACTL6A,-2.292014595,-1.921294329
ACTR10,-1.871026579,-1.601300558
ACTR2,-1.441410642,-1.414232478
ACTR3,-0.978953536,-0.820091925
ACTR5,-0.920343682,-0.907939464
ACTR6,-1.416899232,-1.114853225
ACTR8,-1.063755484,-0.766604772
ADSL,-2.655355458,-2.647023925
ADSS,-0.934648971,-1.078477479
AHCY,-2.222801458,-1.710937256
AHCYL1,-0.832229764,-0.833981096
AHR,-1.095098196,-0.963878872
AK2,-0.836014271,-0.850629481
ALAS1,-1.199910732,-1.025196989
ALDOA,-3.105916696,-2.499954758
ALG1,-2.597283251,-2.019950736
ALG11,-1.055191581,-1.023883251
ALG13,-1.800160031,-1.271216961
ALG14,-1.062519171,-0.800226639
ALG2,-3.060263182,-2.534892834
ALYREF,-1.514987669,-1.399823828
AMBRA1,-1.348838968,-1.001969647
ANAPC1,-1.249162069,-1.207778153
ANAPC11,-2.226486611,-1.79731444
ANAPC2,-1.566907805,-1.293042858
ANAPC4,-1.833716776,-1.514058081
ANAPC5,-1.397379056,-1.108117564
ANKH,-0.763262681,-0.762040621
ANKLE2,-1.441992705,-1.147649565
ANKRD11,-1.12550553,-0.924187362
ANKRD49,-1.882378868,-1.289700905
AP2M1,-1.574986878,-1.172470857
AP2S1,-2.264487181,-1.974209345
AQR,-1.054176484,-0.828825895
ARCN1,-1.424096837,-1.275383775
ARF4,-1.432230448,-1.154527345
ARGLU1,-1.011978033,-0.845085351
ARID1A,-0.821458082,-0.790730778
ARL2,-1.930989494,-1.57945975
ARMC7,-1.749188784,-1.40754455
ARNT,-0.900101085,-0.854239031
ARPC4,-0.861539569,-0.774609278
ASL,-1.071397203,-1.1152404
ASNA1,-2.695040942,-1.751860614
ASS1,-0.960028861,-0.927461705
ASUN,-1.198847741,-0.944618677
ATIC,-1.780284228,-1.412582795
ATP1A1,-1.17394587,-0.809071134
ATP1B3,-1.217873702,-1.268851069
ATP2A2,-2.48191713,-2.119966547
ATP5A1,-2.015307738,-1.559607542
ATP5B,-2.16843478,-1.305766989
ATP5D,-1.740602234,-1.257672355
ATP5H,-1.00924642,-0.832314374
ATP5O,-2.01316342,-0.990453586
ATP5SL,-1.44580488,-1.015564919
ATP6AP1,-1.263906007,-1.169495205
ATP6AP2,-1.844180345,-1.553183136
ATP6V0B,-1.04685843,-1.004499467
ATP6V0C,-2.704180106,-2.280732011
ATP6V0D1,-1.076747471,-0.77353681
ATP6V1A,-2.336657997,-2.310826612
ATP6V1B2,-1.802249616,-1.674150664
ATP6V1C1,-0.912649489,-0.769542888
ATP6V1D,-1.68856048,-1.49874877
ATP6V1E1,-1.058185862,-1.074032671
ATP6V1F,-1.45034147,-1.533667059
ATP6V1G1,-2.253083016,-1.384430152
ATP6V1H,-1.023651953,-1.136305439
ATR,-0.87387743,-0.813349336
AURKA,-0.763931284,-0.990180968
AURKAIP1,-2.620734122,-1.915694973
AURKB,-1.966981538,-1.756745042
BANF1,-1.979513802,-1.773210778
BANP,-1.610765664,-1.116710713
BAP1,-1.326964356,-1.024054414
BCCIP,-1.428533451,-1.351824918
BCL2,-1.358224751,-1.517273585
BCS1L,-2.707012328,-1.718351407
BOP1,-0.806388114,-0.815607904
BPTF,-1.336709792,-1.283441733
BRD2,-1.473102756,-1.334610284
BRD8,-1.138970344,-1.01455204
BRF1,-1.286291811,-1.020091648
BRF2,-0.877787778,-1.162667905
BTAF1,-1.737204294,-1.641703219
BUB1B,-1.124022417,-1.241492116
BUB3,-3.650580256,-2.556243777
BUD31,-1.521557548,-1.152987113
BYSL,-0.942751509,-0.99993785
C10orf2,-2.663405415,-1.660308311
C11orf57,-1.188367964,-1.063164761
C12orf45,-1.345688527,-1.069785505
C15orf41,-0.984264506,-0.858613587
C16orf80,-1.805156675,-1.122575564
C17orf89,-1.322427059,-1.032586543
C18orf21,-1.930222303,-1.836835679
C19orf52,-1.180908862,-0.956364871
C1orf109,-1.305627226,-0.975464851
C1orf112,-1.049036268,-0.811273243
C1QBP,-1.684210555,-0.996298117
C21orf59,-2.22619226,-1.866706867
C3orf17,-1.607082069,-1.562323353
C7orf26,-1.527716617,-1.542786522
C8orf59,-0.769006449,-0.871916245
C9orf114,-2.131655206,-1.795147761
C9orf78,-1.00405732,-0.941635014
CAB39,-1.938652193,-1.918897046
CAD,-1.40444964,-0.904473002
CARS2,-2.555085095,-1.04747936
CBFB,-1.740972381,-1.736552543
CCDC115,-1.559271006,-1.260207423
CCDC84,-1.591717342,-1.375098584
CCDC86,-1.796878591,-1.631771094
CCDC94,-1.223677313,-1.153148759
CCNA2,-1.577541635,-1.310243037
CCNC,-0.781122837,-0.77127947
CCND3,-2.484390081,-2.238100551
CCNF,-1.03349249,-0.854299715
CCNH,-1.928563842,-1.790688268
CCNK,-1.260687807,-1.359665247
CCT2,-2.031479499,-2.369362427
CCT3,-2.206966647,-1.935839467
CCT4,-2.151278363,-1.410213681
CCT5,-1.969340305,-1.35170313
CCT6A,-2.710134216,-2.391607364
CCT7,-1.739728837,-1.887541872
CCT8,-1.803376111,-1.133736322
CD3EAP,-1.571520772,-1.360353546
CDAN1,-2.468253243,-2.202208919
CDC123,-2.7143412,-2.519019284
CDC16,-1.765080303,-1.387756285
CDC20,-1.567694661,-1.100484524
CDC23,-1.334918071,-0.999063905
CDC27,-1.329197053,-1.103474722
CDC37,-1.381963472,-1.534738063
CDC45,-1.552446444,-1.549666948
CDC6,-1.450952268,-1.189715439
CDC7,-1.168639919,-1.020028943
CDC73,-1.489765557,-1.497048603
CDCA8,-2.457558186,-1.877206125
CDIPT,-3.096199947,-2.112881575
CDK1,-2.175475553,-1.780483221
CDK11A,-1.150139003,-1.222364783
CDK12,-1.358410652,-1.128172369
CDK6,-2.514133803,-1.738717233
CDK7,-2.351005965,-1.620308798
CDK9,-2.482795261,-2.088341719
CDS2,-2.138015574,-1.70013229
CDT1,-1.640391662,-1.498978103
CEBPA,-1.687028304,-1.599054946
CEBPZ,-1.933886176,-1.565610259
CENPC,-1.554819434,-1.285565237
CENPK,-2.040029864,-1.805773546
CENPM,-2.204800804,-1.856333972
CENPN,-2.193206797,-1.74348399
CENPW,-1.207351188,-0.951510165
CFDP1,-1.838248875,-1.585956142
CFL1,-1.461332258,-1.330133567
CHAF1A,-1.272518105,-0.954767776
CHAF1B,-1.548674436,-1.257886376
CHCHD4,-1.633570253,-1.070134122
CHD1,-1.490770429,-1.326760265
CHD7,-0.951558496,-0.87688941
CHD8,-0.825764555,-0.804365654
CHEK1,-1.425122331,-0.966140422
CHERP,-1.294421284,-1.345083522
CHMP2A,-0.973070686,-1.115941647
CHMP4B,-1.123080196,-0.897831268
CHMP5,-1.206003707,-1.148240234
CHMP6,-0.96909389,-0.963009683
CHORDC1,-3.006980594,-2.400755322
CHTF8,-1.04248766,-1.047447159
CIAO1,-2.163229076,-1.808084608
CIAPIN1,-1.048325753,-1.087806335
CINP,-1.786225762,-1.605874286
CIRH1A,-2.137949463,-1.803227815
CITED2,-1.126908965,-1.204382544
CKAP5,-1.143460722,-1.161496825
CLASRP,-1.107634799,-1.057742389
CLNS1A,-1.99767577,-1.713194389
CLTC,-1.295807383,-1.053629939
CMPK1,-1.68886257,-1.474820842
CNOT1,-1.459132492,-1.235153555
CNOT11,-1.008799139,-0.959547506
CNOT3,-1.730511804,-1.525001444
COA3,-2.73862168,-1.838918385
COA5,-1.459047803,-1.16396712
COA6,-2.236507446,-1.161085961
COASY,-1.168079968,-0.798381904
COG1,-1.111686131,-0.775344216
COG8,-1.133487367,-0.862308309
COPA,-1.496878825,-1.437134146
COPB2,-1.796814456,-1.503883054
COPE,-1.522076716,-1.210227444
COPS2,-1.377201137,-1.345183171
COPS3,-1.452303605,-1.368348329
COPS4,-1.638230255,-1.012038443
COPS5,-1.752346935,-1.639788841
COPS6,-2.031329334,-1.783913502
COPS8,-1.343990753,-1.276870979
COQ2,-2.759423878,-1.884844412
COQ4,-1.64559196,-1.135593553
COX10,-1.915370922,-1.4989898
COX11,-1.381759151,-1.068038023
COX15,-1.540465454,-0.920332904
COX17,-1.690771229,-1.006174775
COX20,-1.044426375,-0.77079077
COX4I1,-1.463532033,-1.215542503
COX5A,-2.270052031,-2.078297148
COX5B,-2.720838749,-1.764748997
COX6B1,-1.25347187,-0.985157096
COX7C,-2.066286904,-1.574081979
CPOX,-3.025961223,-2.161372242
CPSF1,-2.192394359,-1.981189572
CPSF2,-1.452852573,-1.226543444
CPSF3,-1.981119534,-1.66862823
CPSF3L,-3.129477358,-2.633739201
CPSF4,-2.008516179,-1.695863265
CRCP,-2.020782053,-1.52300453
CSE1L,-1.264787433,-0.930461514
CSNK1A1,-1.122430242,-0.951985842
CSNK2B,-2.216639639,-2.18209658
CSTF1,-2.7773775,-1.859819741
CSTF3,-1.307919341,-1.264853252
CTC1,-2.439618133,-1.874910337
CTCF,-2.460393199,-1.860009302
CTDP1,-1.628121788,-1.257156935
CTDSPL2,-0.80730461,-0.977982628
CTNNBL1,-1.884780919,-1.473673374
CTPS1,-2.440831178,-2.442804503
CTR9,-1.56728497,-1.620581857
CTU2,-1.035097657,-0.918365034
CUL1,-1.651082535,-1.672776309
CUL2,-2.250765141,-1.719096235
CUL3,-0.90614187,-0.883781101
CYC1,-1.622033728,-1.708441248
DACH1,-1.377730113,-1.307986332
DAD1,-1.519589475,-1.355302415
DAP3,-1.74881415,-1.046894902
DARS2,-1.472970568,-0.801593073
DAXX,-0.811858777,-0.819490143
DBR1,-2.734202373,-2.061059091
DCAF13,-0.863518315,-0.779183023
DCTN2,-1.196571395,-0.942110062
DCTN3,-0.958484359,-1.054619242
DCTN5,-2.182468016,-1.932391542
DCTN6,-0.982989643,-1.038462878
DDB1,-1.298707441,-1.040712471
DDOST,-1.71411799,-1.628241657
DDX10,-1.608038583,-1.227795387
DDX11,-1.818068736,-1.616197341
DDX20,-1.039451697,-0.943744225
DDX21,-1.124425248,-0.971785598
DDX24,-0.987243679,-0.952914429
DDX28,-1.280458065,-0.782446406
DDX39B,-1.194912746,-0.972991234
DDX3X,-1.597063647,-1.603389829
DDX46,-2.454343474,-1.905399789
DDX49,-2.004817791,-1.728229326
DDX51,-2.315193734,-2.097603212
DDX52,-1.114822186,-1.156882845
DDX54,-1.254127819,-1.167985447
DDX55,-2.91467681,-2.601343384
DDX56,-1.573829962,-1.166490469
DDX59,-1.667877627,-1.445117958
DDX6,-1.633721161,-1.418295163
DGCR8,-1.397533521,-1.11563784
DHDDS,-2.085084227,-1.915197429
DHFR,-1.160766247,-1.120293956
DHODH,-2.067113854,-1.930345898
DHPS,-2.471005066,-1.481350892
DHX15,-2.184823474,-2.448133182
DHX33,-2.516294784,-2.081262958
DHX37,-2.054437513,-1.698752786
DHX8,-0.989196754,-0.771357178
DHX9,-1.739232711,-1.677468765
DIDO1,-1.04117848,-0.942760053
DIEXF,-0.926456439,-0.873870024
DIS3,-1.771598602,-1.329547686
DKC1,-2.641942792,-2.448842115
DLD,-1.880932954,-1.447588009
DLST,-1.80248559,-1.681549952
DMAP1,-2.109383469,-1.651061757
DNAJA3,-1.627656365,-1.275986397
DNAJC11,-1.132305505,-0.831078906
DNAJC17,-0.979002482,-1.063957099
DNAJC9,-2.665779995,-2.035627139
DNLZ,-1.658471932,-1.051829742
DNM2,-1.630429967,-1.317272506
DOHH,-1.549808762,-1.201816211
DOLK,-2.216594384,-1.426854956
DOT1L,-2.754336291,-2.224537326
DPAGT1,-2.248499723,-1.988600956
DPH1,-0.962296602,-0.78151929
DPH3,-1.355808806,-1.074212267
DPH5,-1.465803899,-1.086712345
DPY30,-2.210368441,-1.54699412
DR1,-1.670202073,-1.316201257
DRAP1,-3.195316706,-1.82129578
DRD5,-1.500561002,-1.374640885
DSCC1,-1.163655901,-0.956331458
DTL,-1.464318031,-1.355237104
DTYMK,-1.503889897,-1.414866315
DUSP10,-0.774663354,-0.833352106
DUT,-2.126035082,-2.165106513
DYNC1H1,-0.872979683,-1.081061544
DYNC1I2,-1.87088571,-1.73608308
DYNLL1,-0.9647597,-0.945016335
DYNLRB1,-1.270474549,-1.105679628
DYRK1A,-1.003707427,-0.794916438
E4F1,-0.996652871,-0.798813488
EARS2,-1.500316557,-0.806257721
ECD,-1.536914542,-1.392972911
ECSIT,-1.325485387,-0.872348886
EED,-0.910353685,-0.82945288
EEF1A1,-1.952649035,-1.908818884
EEF1G,-1.829114367,-1.348811027
EEF2,-1.933792632,-1.80029182
EEFSEC,-2.516669672,-1.958689019
EFTUD1,-1.528157675,-1.335971629
EFTUD2,-1.103517294,-1.07582253
EIF1,-0.781779882,-0.753308991
EIF1AD,-1.738436019,-1.418776911
EIF1AX,-1.314262737,-1.195850346
EIF2AK4,-1.085931588,-1.262852046
EIF2B1,-2.072385895,-1.702036747
EIF2B2,-1.721700988,-1.453276018
EIF2B3,-1.15742552,-1.019164801
EIF2B5,-1.861767175,-1.362878172
EIF2S1,-1.625114696,-1.68694686
EIF2S2,-1.739633459,-1.318066059
EIF2S3,-1.284716511,-1.362378921
EIF3A,-1.839586379,-1.607873057
EIF3B,-1.652556188,-1.320588534
EIF3D,-1.813184935,-1.404011406
EIF3E,-1.726834028,-1.217410066
EIF3F,-2.310771458,-1.915022894
EIF3G,-2.211409862,-1.845699563
EIF3I,-1.5723381,-1.145174062
EIF3J,-1.382569438,-0.86846262
EIF3M,-1.292412549,-1.100832075
EIF4A1,-2.401783581,-1.805303829
EIF4A3,-1.122963769,-0.937526908
EIF4E,-0.974863612,-0.947610698
EIF5,-1.277839047,-1.024116333
EIF5A,-1.774324467,-1.249546083
EIF5B,-1.982758238,-1.765727251
EIF6,-1.928891247,-1.406655006
ELAC2,-1.287451736,-1.034260667
ELL,-2.01628479,-1.436848109
ELOF1,-1.302302767,-1.173140272
ELP2,-1.397069628,-1.204013337
ELP3,-1.891648218,-1.669330026
ELP4,-2.110270199,-1.757340853
ELP5,-3.311262703,-2.865867707
ELP6,-1.583960586,-1.407815321
EMC1,-1.125168255,-0.910206273
EMC7,-1.496688162,-1.12793765
ENO1,-2.600126879,-2.321869554
EP300,-0.937563625,-1.010909943
ERAL1,-1.893090604,-0.803444733
ERCC2,-2.193388439,-1.410245608
ERCC3,-1.577545015,-1.036279521
ERH,-2.338679608,-1.925240987
ESPL1,-1.942529097,-1.809821635
ETF1,-1.087717633,-1.215648447
ETV5,-1.861593378,-1.741965182
EWSR1,-0.865743514,-0.829488457
EXOC4,-1.529312277,-1.591947224
EXOSC10,-0.991912233,-0.874402537
EXOSC2,-1.697165607,-1.432344718
EXOSC3,-1.332186256,-1.236673518
EXOSC4,-2.605178025,-2.523723793
EXOSC5,-2.056548429,-1.464688853
EXOSC6,-1.46359427,-1.166081941
EXOSC7,-2.634976219,-2.34001335
EXOSC8,-2.498740934,-1.941743665
EXOSC9,-0.922152067,-0.997682705
FAM122A,-1.137524279,-0.818271971
FAM50A,-0.973671635,-0.897889178
FAM96B,-2.831660043,-2.455419182
FAM98B,-0.952918352,-0.910772073
FARS2,-2.489494936,-1.751282273
FARSA,-1.785441119,-1.282264601
FARSB,-1.647839545,-1.679563982
FASTKD5,-1.568996783,-0.867402862
FAU,-1.345999278,-1.334874988
FBL,-2.498228563,-2.077892371
FBXO11,-1.052101135,-0.849545695
FBXW11,-2.015842281,-1.405145896
FBXW7,-0.76620688,-0.784921138
FCF1,-1.170560933,-1.065903445
FDX1,-0.968623481,-0.845203553
FDX1L,-1.534086357,-1.041676713
FDXR,-1.849954618,-1.393712926
FECH,-1.140518653,-0.988342159
FEN1,-2.349312504,-1.349022457
FH,-1.240380592,-1.002974797
FIP1L1,-0.856455712,-0.785153003
FLAD1,-1.365894044,-0.751855905
FLI1,-1.108222892,-1.030813765
FNTB,-1.15705545,-0.80924558
FPGS,-1.213502923,-0.911119235
FTSJ2,-2.361347367,-1.462584128
FTSJ3,-2.032538535,-2.402876563
FUS,-1.269171436,-1.110896207
FXN,-1.928953832,-1.664177394
G6PD,-1.728505259,-1.45351316
GABPA,-1.126080187,-0.794221135
GAK,-1.249377135,-0.927598059
GALE,-1.12689491,-1.089622482
GAPDH,-1.782577091,-1.524501384
GARS,-1.260041811,-1.276909558
GART,-1.495660923,-1.061096764
GCLC,-1.15632294,-0.836980304
GCSH,-1.596975569,-1.250682594
GEMIN4,-1.141279621,-0.891952585
GEMIN5,-2.110000246,-1.741118892
GEMIN6,-1.071100482,-0.898438395
GEMIN7,-1.584296839,-1.200151763
GEMIN8,-1.778637339,-1.480259081
GFER,-1.693027142,-1.164795735
GFI1,-2.265511696,-1.399009493
GFPT1,-2.412686594,-2.093517327
GGPS1,-1.205306535,-0.980338952
GINS2,-2.122856688,-1.79313178
GINS3,-1.886517207,-1.635222188
GLE1,-0.922536849,-0.898700038
GLRX5,-2.60261667,-2.266228953
GLS,-1.425304733,-1.554049216
GMPPB,-3.194550068,-2.659511367
GMPS,-1.861561801,-1.691005398
GNB1L,-1.92526128,-2.072760593
GNB2L1,-2.053073256,-1.961266241
GNL2,-0.96094683,-1.059109268
GNL3,-1.801907204,-1.800746097
GNL3L,-1.165233056,-0.828784004
GOSR2,-1.453168421,-1.03034104
GOT2,-1.087983535,-0.898302196
GPKOW,-1.690192286,-1.270434357
GPN1,-2.411469032,-1.921261998
GPN2,-2.584482916,-1.934475199
GPN3,-3.754659478,-2.527941484
GPS1,-1.821026688,-1.673894943
GPS2,-0.799693813,-0.75193908
GPX4,-2.291592201,-1.783492604
GRPEL1,-2.462228474,-2.253017424
GRWD1,-1.151678517,-0.937391229
GSE1,-0.786426901,-0.79173894
GTF2A1,-1.189575377,-1.028540476
GTF2A2,-1.59165493,-1.557070838
GTF2B,-1.212598728,-1.098844225
GTF2E2,-1.014991769,-0.974240421
GTF2F2,-1.645494407,-1.38705493
GTF2H1,-1.373561249,-1.183795772
GTF2H3,-1.06845621,-0.900994903
GTF2H4,-0.908752425,-0.928097711
GTF2H5,-0.865187684,-0.850567489
GTF3C1,-0.970589908,-0.953960123
GTF3C3,-1.59160465,-1.435418357
GTF3C4,-1.527347015,-1.188192695
GTF3C5,-1.834986381,-1.182203324
GTPBP10,-2.279978695,-1.254488552
GTPBP4,-1.017225275,-0.935701087
GTPBP8,-2.099444895,-1.160546085
GUK1,-2.087586349,-1.415004969
HARS,-1.050925585,-0.885881326
HARS2,-1.819237911,-1.443309356
HAUS1,-1.616247574,-1.382121381
HAUS3,-1.576018091,-1.43620297
HAUS4,-1.035766725,-1.033144128
HAUS5,-0.949512762,-1.095709299
HAUS6,-1.112495203,-0.853094057
HAUS8,-1.472055985,-1.114121546
HCFC1,-1.035585499,-1.07012985
HDAC3,-3.024226704,-2.593185804
HEATR1,-1.354858372,-1.28897954
HGS,-2.410018421,-2.008681736
HINFP,-1.739814163,-1.353265401
HIRA,-1.446832221,-0.804994859
HMBS,-1.969529881,-0.940394164
HMGCR,-1.371763165,-1.307452855
HMGCS1,-2.497172692,-2.15511362
HNRNPK,-2.017870782,-2.010063592
HNRNPL,-1.219361242,-1.058100649
HNRNPU,-2.320884697,-1.780374876
HSCB,-1.878244892,-1.4397272
HSD17B10,-1.687354868,-1.337216185
HSPA5,-2.391355291,-2.050479929
HSPA8,-1.929481043,-1.46987282
HSPA9,-2.148673562,-1.657968445
HTATSF1,-1.634653175,-1.147134289
HUS1,-2.344952842,-1.652125007
HUWE1,-1.239070785,-1.158398974
HYOU1,-1.55578652,-1.324208859
HYPK,-1.314915531,-1.093641544
IARS,-1.600433714,-1.539277557
IBA57,-2.063790944,-1.628339609
IDI1,-1.091820032,-0.977227701
IER3IP1,-1.191424373,-0.833632533
IGBP1,-1.045913148,-0.779096198
IKBKAP,-1.618939723,-1.430669609
IKZF1,-1.676906062,-1.112561587
ILF2,-2.286255704,-2.15869896
ILF3,-1.714637862,-1.747968864
IMP3,-3.277911665,-2.515074003
IMP4,-1.576741796,-1.37116182
IMPDH2,-2.74514964,-2.113001418
INCENP,-1.430871921,-1.300481247
INO80,-1.732708036,-1.177137099
INTS1,-1.002141111,-0.903164335
INTS10,-1.328933679,-1.098119136
INTS2,-1.361304105,-1.030275536
INTS3,-1.242793671,-1.110006591
INTS4,-0.950329039,-0.934597117
INTS5,-1.148020097,-1.000420236
INTS8,-1.812793074,-1.763640716
INTS9,-2.116317017,-1.77777466
IPO11,-1.250598978,-0.861922073
IPO13,-1.910864764,-1.365420844
IPO7,-1.065760695,-1.022987793
IPPK,-1.232364948,-1.097910481
IRF2BP2,-2.348922965,-1.967278586
IRF8,-1.819512204,-1.844243694
ISCA1,-2.608735425,-3.039968102
ISCA2,-1.493601342,-1.541809886
ISCU,-0.93686405,-0.857037631
ISG20L2,-2.599912028,-1.872021154
ITPK1,-0.878351612,-0.751080922
IWS1,-1.623921341,-1.399150659
JMJD6,-2.400288223,-2.005682581
KANSL1,-1.438166376,-1.097401364
KANSL2,-1.214511947,-1.239337005
KANSL3,-1.796642811,-1.583281451
KARS,-1.529529147,-1.5258002
KAT7,-1.030414716,-0.938609579
KAT8,-1.823539272,-2.085105278
KDM1A,-1.166535366,-0.99054783
KDM2A,-1.187223215,-0.98750274
KIAA0391,-1.114306124,-0.886440605
KIDINS220,-0.930200479,-0.820247822
KIF23,-1.660915888,-1.491803461
KIN,-1.298998458,-1.390803185
KMT2A,-2.401521259,-1.936959519
KPNB1,-1.535266682,-1.197408972
KRR1,-1.753036906,-1.396110506
KTI12,-2.497460893,-2.033567678
LAGE3,-2.702435899,-1.770883786
LARS,-1.831192955,-1.531364145
LARS2,-1.916323442,-1.078566258
LAS1L,-1.798868533,-1.438579926
LCMT1,-1.813093112,-1.48545326
LDB1,-1.692630123,-0.945967279
LETM1,-1.784073446,-1.610773694
LIAS,-2.174460405,-1.967460265
LIN52,-1.583332941,-1.459137749
LIPT1,-1.299666819,-0.986845137
LIPT2,-1.150474609,-0.825028287
LONP1,-2.203480705,-1.813182436
LRPPRC,-2.137491311,-1.359017379
LRR1,-2.086585887,-1.91531021
LSG1,-1.425670119,-1.297145751
LSM10,-1.455054304,-1.137977358
LSM12,-0.943906894,-0.967814504
LSM2,-2.250444468,-2.454158497
LSM3,-1.374526546,-1.391611175
LSM5,-1.315419556,-1.182201056
LSM6,-1.801592659,-1.46488003
LSM7,-1.963606892,-1.598025317
LTV1,-1.086352844,-1.032243324
LUC7L3,-1.518314169,-1.39553452
LYRM4,-1.415738422,-1.391663843
MAD2L2,-1.777665431,-1.688453726
MALSU1,-1.375837302,-1.100691295
MAP2K1,-1.644775147,-1.592089133
MAP2K2,-1.039223417,-1.051952584
MARS,-1.882285726,-1.534273684
MARS2,-2.282739267,-1.45765609
MASTL,-1.808301008,-1.615475558
MAT2A,-1.065328593,-1.047506638
MATR3,-0.832579363,-0.845794704
MAU2,-1.603674832,-1.3730289
MBTPS1,-2.502472165,-1.880754336
MBTPS2,-2.616674325,-2.192148483
MCM2,-1.489352704,-1.642952409
MCM3AP,-1.438935533,-1.14212505
MCM4,-1.199276182,-1.120855832
MCM5,-2.360551508,-2.094115931
MCM6,-1.206398898,-0.940836961
MCM7,-0.991440078,-0.833663034
MCMBP,-1.434021285,-0.919599683
MCRS1,-1.428890619,-1.260628608
MDH2,-0.9532724,-0.806449903
MDM2,-1.297551837,-0.959709676
MDM4,-0.919224415,-0.874981947
MED1,-1.365492613,-1.314981514
MED10,-0.793971052,-0.755231587
MED11,-1.883395369,-1.808590418
MED12,-1.351861696,-1.337558108
MED13L,-1.064726105,-0.986512905
MED14,-1.595982724,-1.655131637
MED15,-1.172092076,-1.132807351
MED16,-1.879666817,-1.638043958
MED17,-1.07741186,-0.925808002
MED18,-2.458673131,-2.134859318
MED20,-1.297187964,-0.830641544
MED21,-1.165074558,-0.904631728
MED23,-0.854674371,-0.795218547
MED24,-1.659982554,-1.277262427
MED25,-1.498673812,-1.544889827
MED26,-1.488699555,-1.466309498
MED30,-2.541439464,-1.860336692
MED6,-0.997109271,-0.90951389
MED7,-1.57326293,-1.458141626
MED8,-1.439152077,-1.300348916
MEN1,-1.280271981,-1.042889229
MEPCE,-1.181835516,-1.044480817
METTL16,-2.091454162,-1.840029219
METTL17,-1.857494063,-0.835702641
METTL3,-1.686762185,-1.060811987
MFAP1,-1.209665543,-0.808439319
MFN2,-1.455391512,-1.317076483
MGEA5,-1.153573329,-0.945753034
MIOS,-1.051371725,-0.899589411
MIPEP,-2.180509688,-1.130874172
MIS12,-0.783291196,-0.929222316
MIS18A,-1.627662282,-1.199281737
MIS18BP1,-0.957060376,-0.916982866
MLLT4,-1.235691924,-1.060394325
MMGT1,-1.154640728,-0.790062895
MMS19,-1.261987374,-1.070668377
MNAT1,-1.549793004,-1.473156542
MNT,-0.90399711,-0.801008329
MOCS3,-2.031731359,-1.774868757
MPHOSPH10,-1.507249223,-1.255567907
MRP63,-2.640326476,-1.870492755
MRPL11,-1.783823404,-0.849654164
MRPL12,-1.94187133,-1.343542401
MRPL13,-2.183431221,-1.551984244
MRPL14,-1.235002987,-1.09746306
MRPL15,-2.303525292,-1.838051241
MRPL17,-1.850997973,-1.08741749
MRPL18,-1.227996338,-0.840188416
MRPL2,-1.198817481,-0.957362183
MRPL20,-1.013571836,-0.752860039
MRPL21,-2.165260755,-1.452473042
MRPL22,-1.470798001,-1.182571512
MRPL24,-1.195323495,-0.908764234
MRPL28,-2.092368531,-1.906414169
MRPL3,-1.605646325,-1.245206065
MRPL33,-1.424881249,-1.19537467
MRPL34,-2.400902596,-1.608033439
MRPL35,-1.003793427,-0.807922531
MRPL37,-1.435979886,-1.238639308
MRPL38,-2.781453863,-1.775759278
MRPL39,-1.847135325,-1.459442616
MRPL4,-1.520913712,-1.014169182
MRPL41,-2.070416708,-1.387101528
MRPL42,-1.368215327,-1.077214927
MRPL44,-2.049925236,-1.726476086
MRPL45,-1.988853929,-1.540168221
MRPL47,-1.234550089,-1.033889031
MRPL48,-1.32299549,-0.974336195
MRPL50,-1.536078695,-0.926183551
MRPL51,-2.309429547,-1.682156281
MRPL53,-2.479253098,-1.720698816
MRPL54,-1.357851907,-1.058323913
MRPS11,-2.236881814,-1.996766236
MRPS12,-2.294697924,-1.486302695
MRPS14,-3.123146934,-2.207715952
MRPS16,-1.740161431,-1.345793977
MRPS18B,-1.848752214,-1.575026835
MRPS18C,-1.446834675,-0.956886046
MRPS2,-1.228207941,-1.106961084
MRPS21,-1.69536974,-1.205779562
MRPS23,-1.426672108,-1.200846811
MRPS24,-2.483166111,-1.542924725
MRPS26,-1.751743228,-1.126225528
MRPS30,-1.873402357,-1.2448912
MRPS34,-2.700128019,-1.994420806
MRPS35,-1.378667977,-0.919359513
MRPS6,-1.576441835,-1.11457861
MRPS7,-1.437456865,-0.83664864
MST1,-1.129424726,-0.851400768
MSTO1,-1.405164756,-1.335185084
MTG1,-1.451234802,-0.805793115
MTG2,-1.994871541,-1.44804298
MTHFD1,-2.150263315,-1.583757842
MTHFD2,-1.217640781,-0.80166981
MTIF2,-1.202347058,-0.919542228
MTOR,-2.11823101,-1.576849554
MTPAP,-1.930551228,-1.428632599
MVD,-1.913281064,-1.648956318
MVK,-1.476588068,-1.07427076
MYB,-2.928503984,-2.250649188
MYBBP1A,-1.148340507,-0.826957984
MYC,-2.291675984,-2.261915632
MZT1,-1.415112246,-1.418764562
N6AMT1,-2.476962597,-1.508015889
NAA10,-3.126004893,-2.176270065
NAA15,-1.082514131,-0.886797455
NAA20,-2.003905567,-1.693744694
NAA25,-2.531981831,-2.39343869
NAA30,-1.053052458,-1.157807525
NAA35,-1.138622997,-1.203590777
NAA38,-1.396162899,-1.430722154
NAA50,-1.880802727,-1.490124982
NACA,-0.869680045,-0.753383359
NADK,-0.865313185,-0.780109602
NAE1,-1.86721593,-1.703897463
NAF1,-0.973775949,-1.077501298
NAMPT,-2.177208282,-1.014732333
NAPA,-1.216120585,-1.238611402
NARFL,-1.878011395,-1.571322437
NARS,-2.261987274,-1.563478262
NAT10,-1.113042847,-1.06613295
NCAPD2,-1.132553612,-1.097569041
NCAPG,-1.218236745,-1.064775495
NCAPG2,-1.661567644,-1.324145899
NCAPH,-0.87200929,-0.883745736
NCAPH2,-1.454945161,-1.10143479
NCBP1,-1.190881854,-1.068396299
NCBP2,-2.452508409,-1.491602919
NCF1,-0.95711004,-0.818996218
NCL,-1.034791861,-0.811488457
NCOR1,-1.081616776,-0.762142722
NDC1,-1.851635458,-1.251049946
NDC80,-1.39223907,-1.361706954
NDNL2,-2.823256278,-2.155702063
NDOR1,-1.424309011,-1.176292719
NDUFA1,-1.587425031,-1.295875509
NDUFA10,-1.434281166,-1.083643083
NDUFA11,-1.931339124,-1.709106422
NDUFA13,-2.150756458,-2.278353823
NDUFA2,-1.605728589,-1.39196497
NDUFA6,-1.72652051,-1.462894903
NDUFA9,-1.205687579,-0.998628704
NDUFAB1,-1.307151274,-1.356461184
NDUFAF1,-2.02048848,-1.546378128
NDUFAF3,-2.14379966,-1.400331573
NDUFAF5,-1.560655762,-1.174626565
NDUFB10,-1.893255882,-1.64633039
NDUFB11,-1.623594678,-1.167667794
NDUFB2,-1.025000833,-0.882529516
NDUFB4,-0.977473976,-0.944385222
NDUFB6,-1.836317729,-1.344623278
NDUFB7,-1.456450845,-1.274185258
NDUFB8,-1.530222542,-1.14964985
NDUFB9,-1.649176005,-1.235693635
NDUFC1,-1.706346733,-1.230880465
NDUFS1,-1.92284028,-1.611095895
NDUFS2,-2.189363264,-1.891447343
NDUFS3,-1.08686356,-1.219466436
NDUFS5,-1.087179033,-0.988451563
NDUFV2,-1.604492651,-1.203719598
NEDD1,-1.610040562,-1.6973101
NEDD8,-1.35626244,-1.167257212
NELFA,-1.919641752,-1.663802906
NELFB,-2.140785072,-1.523526391
NELFCD,-1.25457557,-0.95978682
NFATC2IP,-1.13754994,-1.024005177
NFS1,-2.368504054,-1.796169312
NFU1,-1.904395208,-1.221589515
NFYC,-1.382668182,-1.327849788
NGDN,-1.981975326,-1.698219964
NHLRC2,-1.925428625,-1.659672066
NHP2,-2.312952515,-1.880701003
NHP2L1,-1.837828659,-1.630450121
NIP7,-1.43812502,-1.011320436
NIPBL,-1.252919532,-1.139094843
NKAP,-0.81925234,-0.836256632
NKTR,-1.335637313,-0.933025891
NLE1,-2.620344009,-2.224678564
NME6,-1.635464769,-0.985844271
NOB1,-3.068215702,-2.45698918
NOC2L,-0.991286485,-0.78763322
NOC3L,-1.054446365,-1.00415293
NOC4L,-1.763712251,-1.578694704
NOL10,-1.290623825,-1.161208096
NOL11,-0.979819759,-0.903467523
NOL12,-0.837964496,-0.876280061
NOL6,-2.250346482,-1.954462126
NOL7,-1.036739552,-0.98842661
NOL9,-2.249237229,-1.812893958
NOM1,-0.985997696,-0.906449456
NOP14,-1.266235064,-1.025865544
NOP16,-1.765284346,-1.746860232
NOP2,-1.27839739,-0.907361553
NOP56,-1.224653889,-1.249400081
NOP58,-1.995221514,-1.652738787
NOP9,-1.783862724,-1.684810275
NPAT,-1.51050212,-1.024626526
NPLOC4,-1.690335538,-1.394844878
NR2C2AP,-1.355395192,-1.350970035
NRDE2,-0.877807468,-0.917689612
NRF1,-1.523326714,-0.853976232
NSF,-1.997117296,-1.74798493
NSMCE1,-2.273731602,-1.541429858
NSMCE2,-0.986613908,-0.923097574
NSMCE4A,-1.281648473,-1.156142181
NUBP1,-1.087175107,-0.785866493
NUBP2,-0.995394084,-0.783545092
NUBPL,-1.507374278,-0.878527595
NUDC,-2.513950631,-2.163685221
NUDCD3,-1.716218782,-1.329061153
NUDT21,-2.54742529,-2.058609191
NUF2,-1.435342578,-1.109918371
NUFIP1,-1.398479058,-0.94004424
NUMA1,-1.025551247,-0.75264103
NUP133,-1.030335493,-0.945880983
NUP155,-1.300906747,-1.088295821
NUP205,-1.474236834,-1.075192412
NUP214,-1.119289298,-0.920539952
NUP43,-1.428468096,-1.376238385
NUP50,-2.071555424,-1.649225544
NUP85,-1.457943879,-1.188630758
NUP88,-0.90138355,-1.039751214
NUP93,-1.431367956,-1.311155119
NUPL1,-0.926553451,-0.77459847
NUS1,-1.080336062,-1.060517291
NUTF2,-1.349646789,-1.212967183
NVL,-1.836333227,-1.920582631
NXF1,-1.53647193,-1.182511281
OGDH,-2.277512994,-1.968731787
OGT,-1.385249982,-1.390042612
OIP5,-1.948058088,-1.787217458
ORAOV1,-2.164065729,-1.803980482
ORC2,-1.517849051,-1.142726591
ORC6,-1.716610482,-1.3518305
OSBP,-1.447711941,-1.392761472
OSGEP,-0.8695585,-0.984186032
OXA1L,-1.101198365,-0.923893043
OXSM,-1.741823165,-0.886694101
PAFAH1B1,-1.546528603,-1.177947506
PAICS,-2.032968258,-1.866082165
PAK1IP1,-1.39376743,-0.991720792
PARS2,-2.734618916,-1.848314731
PAXBP1,-1.030765871,-0.933131952
PAXIP1,-1.873057086,-1.008473511
PCBP1,-3.113797017,-2.465464149
PCF11,-1.420203264,-1.204368169
PCID2,-2.125154177,-1.598742083
PCNA,-2.232154398,-1.924327265
PDCD2,-1.361932619,-1.19484591
PDCD7,-0.843106072,-0.765435505
PDPK1,-1.128886887,-1.061240701
PDRG1,-1.428918278,-1.241457434
PDS5A,-1.588373336,-1.176802913
PDSS1,-1.719145096,-1.541646854
PDSS2,-1.912012357,-1.320069607
PELO,-1.375232834,-1.262421248
PELP1,-1.540691059,-1.274951144
PES1,-2.320873008,-2.002335306
PET112,-1.280523324,-0.804147649
PET117,-2.501781722,-1.503432015
PFAS,-2.760691192,-2.257681657
PFDN6,-1.020602659,-0.980241309
PFN1,-1.616665558,-1.282840575
PGD,-2.028400046,-1.823938783
PGGT1B,-0.858144601,-0.815865589
PGK1,-2.002534794,-1.409059509
PGM3,-1.097173388,-0.850435689
PHAX,-1.916119378,-1.333020622
PHB2,-1.686070929,-1.337913376
PHF12,-1.032303096,-1.08902029
PHIP,-0.972104423,-0.955023976
PI4KA,-1.092019962,-0.868562201
PI4KB,-1.323498149,-1.13985168
PIAS4,-1.720542728,-1.033199798
PIH1D1,-1.23149138,-1.027026058
PIK3C3,-1.009920865,-0.832022976
PISD,-1.02800846,-0.965461511
PKM,-1.164297069,-1.092016703
PKMYT1,-1.776034159,-1.384970489
PLK1,-1.931048403,-1.612748547
PLK4,-0.941504399,-0.838038528
PLRG1,-1.124527204,-1.022899803
PMPCA,-2.117637875,-1.453196863
PMPCB,-1.260104009,-1.184691318
PNN,-0.972922211,-1.140811265
PNPT1,-1.423335496,-1.304641669
POLA2,-1.070240601,-1.020674016
POLD2,-1.665674875,-1.629213191
POLD3,-1.4720914,-1.438127534
POLE,-1.091889513,-1.259009828
POLE2,-1.367880372,-1.428052302
POLG2,-2.401180454,-1.389539843
POLR1A,-1.522524533,-1.339809788
POLR1B,-2.4927108,-2.165796933
POLR1C,-1.641471605,-1.321028905
POLR1D,-1.717804408,-1.430281522
POLR1E,-1.111510621,-1.119199684
POLR2B,-1.181786939,-0.924601512
POLR2C,-2.579300248,-1.880434268
POLR2D,-2.437206069,-1.826922082
POLR2E,-1.650199394,-1.358668881
POLR2F,-1.605972721,-1.700090254
POLR2G,-1.671073036,-1.568921078
POLR2H,-1.025254794,-0.918825853
POLR2I,-1.179130731,-1.157136667
POLR2L,-2.786758655,-2.546984628
POLR3A,-1.870757298,-1.579224116
POLR3B,-2.117541724,-2.16862693
POLR3C,-2.314363753,-1.989898404
POLR3E,-1.374016534,-0.952406441
POLR3F,-0.890551517,-1.002901074
POLR3H,-3.920788783,-3.168553487
POLR3K,-1.570141931,-1.378971501
POLRMT,-1.395736891,-0.975558607
POMP,-0.89536712,-0.810112109
POP5,-2.178658591,-2.124568412
POP7,-1.917742792,-1.531637521
POT1,-1.699035914,-1.596145412
PPA1,-1.385609052,-1.206915566
PPAT,-1.718248468,-1.495283577
PPCS,-1.101747613,-0.834081119
PPIL2,-1.024183842,-0.860019126
PPIL4,-1.294189574,-1.124899411
PPME1,-1.02775037,-0.85444144
PPP1CB,-1.246254882,-1.304414528
PPP1R11,-0.891979938,-0.831998886
PPP1R2,-0.970930225,-0.867288753
PPP1R8,-1.499351906,-1.398792032
PPP2CA,-1.205788612,-1.075619926
PPP2R1A,-1.413390167,-1.398793655
PPP2R2A,-1.018827627,-0.827317381
PPP2R4,-2.568805243,-1.994490567
PPP4C,-2.386885047,-2.011240975
PPP6C,-3.214233671,-2.630378851
PPP6R1,-1.065689552,-1.070665427
PPWD1,-0.822875493,-0.928316943
PREB,-2.582365859,-1.973477979
PRELID1,-1.748284453,-1.618345603
PRIM1,-1.328844458,-1.161634287
PRMT1,-2.35810701,-1.896587348
PRMT5,-2.450274293,-2.058919005
PRPF19,-1.595104304,-1.252078043
PRPF3,-1.089413001,-0.751285802
PRPF38A,-2.028393474,-1.788074047
PRPF38B,-2.056265736,-2.014406347
PRPF39,-1.209491552,-0.984733307
PRPF4,-1.64511354,-1.467364525
PRPF40A,-1.602208224,-1.262303877
PRPF8,-1.542173065,-1.302420758
PSMA1,-1.448530752,-1.616958264
PSMA2,-1.409294276,-1.410869133
PSMA3,-1.755187582,-1.318297844
PSMA4,-2.378149995,-1.490796199
PSMA5,-2.441999117,-2.093904074
PSMA6,-1.846348685,-1.595141957
PSMA7,-2.208502143,-1.944052371
PSMB1,-1.928612438,-1.481665977
PSMB2,-2.020270022,-2.06349809
PSMB3,-1.770159111,-1.449448093
PSMB4,-1.961329702,-1.714328992
PSMB6,-1.176199903,-0.984363727
PSMB7,-2.956579626,-2.363613233
PSMC1,-1.234430761,-1.086549287
PSMC2,-1.435713527,-1.152887637
PSMC3,-1.229171618,-1.122207535
PSMC4,-0.854681186,-0.799547683
PSMC5,-1.450957635,-1.708411425
PSMC6,-2.039032316,-1.813275959
PSMD11,-1.004125011,-0.906472216
PSMD12,-1.369196456,-1.311974419
PSMD13,-1.606398029,-1.374433939
PSMD14,-1.591364906,-1.606005057
PSMD2,-1.001491901,-1.047469931
PSMD4,-2.17359551,-1.924650694
PSMD6,-1.033399466,-1.005893923
PSMD7,-1.212104069,-0.977025434
PSMD8,-0.968621193,-0.766723874
PSMF1,-1.070917058,-0.904146412
PSMG1,-1.567065802,-1.497122699
PSMG2,-1.287173056,-1.194409893
PSMG3,-2.707680666,-2.614134706
PSMG4,-0.896614855,-0.868479814
PSTK,-1.555526833,-1.680472525
PTBP1,-1.141484765,-1.131957154
PTCD3,-1.581741939,-1.171843582
PTPMT1,-2.280249879,-0.909194006
PTPN23,-1.585395726,-1.510010678
PTPN7,-1.765535378,-1.531360966
PUF60,-1.40982294,-1.110624426
PWP2,-1.514187785,-1.557180426
PYROXD1,-1.447092276,-1.251436337
QARS,-1.469346272,-1.256573978
QRSL1,-2.952077344,-1.930461856
RAB5C,-0.944306997,-0.850349916
RAB6A,-1.83716819,-1.701716259
RABGEF1,-1.077203417,-0.923395344
RABGGTA,-1.554292472,-1.323251332
RABGGTB,-2.703885744,-2.103011527
RACGAP1,-0.794386717,-1.145335291
RAD1,-2.240630735,-1.799612209
RAD17,-1.370699177,-0.906224952
RAD21,-1.694798585,-1.631163349
RAD51,-1.36516727,-1.131252003
RAD51C,-1.013525453,-0.885109743
RAD51D,-2.039614682,-1.71970467
RAD9A,-1.941488374,-1.878689466
RAE1,-1.765988229,-1.395768163
RAN,-2.768798177,-2.134223032
RANGAP1,-2.715161582,-2.447894353
RARS2,-2.620245485,-1.512843518
RBBP4,-1.325199556,-1.084816769
RBBP5,-1.389191788,-1.149864782
RBBP6,-1.403058357,-0.950677363
RBFA,-1.431926015,-0.798216482
RBM14,-0.764488721,-0.793097004
RBM17,-1.733175634,-1.577588502
RBM25,-1.383293513,-1.171064894
RBM39,-1.066387206,-1.153771043
RBM48,-1.086216032,-0.873799517
RBM8A,-1.332632138,-0.920276619
RBMX,-1.912483504,-1.547730073
RBX1,-0.865343864,-0.901935101
RCC1,-1.434531746,-1.052613059
RCL1,-2.929299811,-2.147436289
RCOR1,-1.153331346,-0.855153635
RFC2,-1.551570642,-1.230556915
RFC3,-1.960144618,-1.722759981
RFC4,-1.074888542,-1.017627881
RFC5,-1.544365415,-1.343765317
RFK,-1.1572706,-0.924765494
RFT1,-1.700664688,-1.200621778
RHOA,-1.769759302,-1.659854864
RIOK1,-1.466748119,-1.653796591
RIOK2,-1.578364959,-1.503936933
RNASEH2A,-1.889290107,-1.123946352
RNASEK,-1.043588128,-0.98243074
RNF113A,-0.969949559,-0.758289277
RNF20,-1.352499455,-1.082572965
RNF4,-1.153089404,-1.191834778
RNF40,-1.691847418,-1.562132715
RNGTT,-2.424437702,-2.168264245
RNMT,-2.898750805,-2.436446307
RNPC3,-1.155159046,-0.811273012
RNPS1,-1.143453328,-1.110803527
ROMO1,-2.289597622,-1.463001303
RPA1,-0.992188262,-0.984974144
RPA2,-0.813813723,-0.755866594
RPA3,-1.328023059,-1.440073368
RPAIN,-0.926127575,-0.875011721
RPAP1,-1.507006851,-1.252959424
RPE,-2.743460874,-2.282228789
RPF1,-1.033973238,-0.959854715
RPF2,-1.9252085,-1.335775363
RPIA,-1.33720866,-0.766045187
RPL10,-1.42656265,-1.510089568
RPL10A,-2.179161757,-1.579037547
RPL11,-1.390966302,-1.245673778
RPL12,-2.117962011,-2.350364722
RPL13,-2.836005093,-2.76541504
RPL13A,-1.561795252,-1.530846679
RPL14,-1.871009534,-1.984975555
RPL15,-1.367522016,-1.337716418
RPL18,-1.913736226,-1.640219938
RPL18A,-1.80135805,-2.101045184
RPL19,-0.949568092,-0.798670453
RPL23,-1.407499009,-1.645444681
RPL27,-1.544740488,-1.434554848
RPL27A,-1.765216276,-1.383242773
RPL28,-1.267519046,-0.931625597
RPL3,-1.337728219,-0.75855089
RPL30,-2.813223185,-2.451667641
RPL31,-2.096320125,-1.737317615
RPL32,-1.809428516,-1.706600075
RPL34,-1.587274958,-1.871719679
RPL36,-1.957264079,-1.915502581
RPL37A,-1.480602229,-1.101353626
RPL38,-2.055569245,-1.875925842
RPL39,-1.820338791,-1.592913298
RPL5,-1.236256269,-1.166495656
RPL7,-1.292461452,-1.363865502
RPL8,-2.045485331,-1.685609093
RPLP0,-1.593345129,-2.157764414
RPLP1,-1.539213543,-1.226351687
RPLP2,-1.597892401,-1.487460139
RPN1,-1.750861628,-1.555757462
RPN2,-1.313255321,-1.027353664
RPP14,-1.055741284,-0.910508509
RPP21,-3.382246394,-2.878917493
RPP30,-2.062829754,-1.528892298
RPP38,-1.533753124,-1.38833766
RPP40,-1.617760019,-1.508132096
RPRD1B,-1.218175583,-0.904878555
RPS11,-2.880310526,-2.02325883
RPS13,-1.729341678,-1.326080797
RPS14,-2.021032586,-2.052617002
RPS15A,-1.825041703,-1.678874765
RPS16,-0.995418155,-1.201421761
RPS18,-2.369139755,-1.760636746
RPS19,-1.810868318,-1.663340263
RPS19BP1,-1.587264843,-1.298027475
RPS2,-1.971035912,-1.788183049
RPS23,-1.435110512,-1.458909918
RPS25,-1.37378863,-0.821958973
RPS27,-1.22447062,-1.02363017
RPS27A,-1.137058008,-0.955488037
RPS29,-0.930159853,-0.846376486
RPS3,-1.945948643,-1.486186072
RPS3A,-1.170422111,-1.174421623
RPS4X,-1.230325777,-1.025423302
RPS5,-1.983192607,-1.651128239
RPS8,-1.823091847,-1.819613145
RPS9,-0.947106201,-1.314030945
RPSA,-1.782752988,-1.458222393
RPTOR,-1.505232783,-1.080061747
RPUSD3,-1.569059892,-0.898389029
RPUSD4,-1.548227046,-0.973159587
RRM1,-2.917883097,-1.619603087
RRN3,-1.532220813,-0.899573351
RRP1,-1.514106696,-1.091473708
RRP7A,-1.311161835,-1.093991428
RRP9,-0.804830484,-0.814186167
RRS1,-1.519151954,-1.236064904
RTCB,-2.475874364,-2.093943876
RTEL1,-1.912260267,-1.882229958
RTF1,-1.0579159,-1.005931858
RTFDC1,-1.015927352,-0.808425714
RTN4IP1,-1.364366556,-0.970152783
RUNX1,-1.042451968,-1.301481962
RUNX2,-1.049125912,-0.871357106
RUVBL1,-2.006637715,-1.546463721
RUVBL2,-1.82074988,-1.244671982
SACM1L,-2.015551806,-1.778955867
SAE1,-2.341210667,-2.067524624
SAMM50,-2.158264806,-1.820458057
SAP18,-1.750888368,-1.531983762
SAP30BP,-1.371851401,-1.160785468
SARS,-1.605414933,-1.033413108
SARS2,-1.564967438,-1.050223777
SART3,-1.733120016,-1.628526972
SBDS,-2.866969946,-1.903876625
SBNO1,-1.126116075,-1.183712402
SCAP,-2.031291731,-1.382061154
SCD,-1.438775941,-0.763778566
SCO1,-1.389156285,-0.909854851
SCO2,-2.050188281,-1.439085484
SDAD1,-1.24824837,-1.062012564
SDE2,-1.226210106,-1.125426511
SDHA,-1.247144298,-1.110314211
SDHB,-4.623483015,-3.200710794
SDHC,-1.162146922,-0.761857112
SDHD,-1.259791399,-1.095729329
SEC13,-1.009493823,-0.805330806
SEC61A1,-1.115106804,-0.79353436
SEC63,-0.930390436,-0.836811308
SELRC1,-2.04038252,-0.985027959
SEPHS1,-0.965180014,-0.96933357
SEPSECS,-2.129567366,-1.77490739
SETD1A,-1.340855768,-1.089387931
SETD2,-1.040268103,-0.810090308
SETDB1,-0.986947425,-1.011544758
SF1,-1.22015539,-1.008321654
SF3A2,-1.648218867,-1.453265447
SF3A3,-1.825264936,-1.275614149
SF3B1,-1.122666156,-1.056195384
SF3B3,-1.634913962,-1.689774065
SF3B4,-1.753292684,-1.442855662
SF3B5,-1.523804589,-0.928523047
SFPQ,-0.84363221,-0.769199804
SFSWAP,-0.981276291,-1.000409898
SHFM1,-1.291772876,-1.205653205
SHMT2,-2.024461004,-0.919141483
SHQ1,-1.38236459,-0.95532342
SKIV2L2,-1.906640673,-2.017835035
SKP1,-1.013357693,-0.969986832
SLC25A1,-2.216173055,-1.595983128
SLC25A3,-1.204553784,-0.908204422
SLC35B1,-2.731470896,-2.173774511
SLC38A2,-1.987720485,-1.220273945
SLC4A7,-1.359314808,-1.06868549
SLC7A1,-1.028666703,-0.780128112
SLC7A5,-2.393618365,-1.96552367
SLC7A6OS,-1.732019754,-1.521010041
SLMO2,-1.880356999,-1.375901726
SMARCA5,-1.377120313,-1.416325366
SMARCB1,-1.682389977,-1.562105259
SMARCC1,-1.547479093,-1.38518263
SMARCD1,-1.149588882,-0.80634413
SMARCD2,-1.20528157,-1.219297814
SMC1A,-2.137657895,-1.760327292
SMC2,-1.475308012,-1.249661508
SMC3,-2.019051704,-1.539384212
SMC4,-1.91595058,-1.371541608
SMC5,-1.798249679,-1.604595527
SMC6,-1.240027726,-1.034568103
SMG5,-1.44306406,-1.236144743
SMG7,-1.466020288,-1.332329166
SMNDC1,-1.174808266,-0.935008476
SMU1,-2.39910863,-2.374161885
SNAPC2,-1.366527534,-1.149582617
SNAPC3,-1.640130298,-1.592222615
SNAPC4,-1.317893529,-1.269854224
SNRNP200,-1.300898552,-1.318430502
SNRNP27,-1.123016208,-1.019717035
SNRNP35,-1.004270474,-0.856691947
SNRNP40,-1.069341019,-0.762135323
SNRNP70,-1.081305735,-0.827860739
SNRPA1,-1.421876822,-1.486252476
SNRPB,-1.854756638,-1.545568069
SNRPD1,-1.530148268,-1.238527459
SNRPD2,-2.263758438,-1.934025138
SNRPD3,-1.424248353,-1.166400394
SNRPF,-2.718962588,-1.194621215
SNUPN,-1.891952522,-1.536487107
SNW1,-1.277057805,-1.13222254
SOD1,-1.669776258,-1.406529719
SOD2,-1.728720951,-1.646691675
SP2,-1.04045805,-0.995593646
SPAST,-1.634815721,-1.497922928
SPATA5,-1.579235377,-1.362029735
SPATA5L1,-2.680255741,-2.283789111
SPC24,-1.487810987,-1.119696857
SPC25,-1.539165501,-1.273677842
SPCS2,-0.9811522,-0.930265008
SPI1,-2.271664357,-1.759423787
SRBD1,-1.837501142,-1.631956002
SRCAP,-1.106560759,-1.096241346
SRP14,-2.386757174,-1.669952393
SRP19,-1.96428529,-1.484796301
SRP54,-1.038042231,-0.774646627
SRP68,-0.916205085,-0.861710812
SRP9,-0.914253687,-0.920831605
SRPR,-1.03022734,-0.800234484
SRPRB,-1.057716272,-1.151430201
SRRM1,-0.966354715,-0.839875116
SRRT,-1.008656854,-0.829345734
SRSF1,-1.908875294,-1.572070162
SRSF3,-1.448148283,-1.148846861
SRSF7,-1.605886509,-1.35529486
SS18L2,-2.889866157,-2.162898178
SSRP1,-1.563172778,-1.632238001
SSU72,-2.884083534,-2.715867994
STEAP3,-1.089261236,-0.874755293
STRAP,-2.820607223,-2.192237443
SUDS3,-1.026445266,-0.892222418
SUGT1,-1.494827846,-1.460708263
SUPT16H,-2.929385832,-2.33960924
SUPT4H1,-1.598787346,-1.467138483
SUPT6H,-1.727217871,-1.292198512
SUPV3L1,-1.933384928,-1.63281637
SUZ12,-1.341641298,-1.236217926
SYMPK,-2.375867774,-1.801798113
SYS1,-1.501755707,-1.160181274
TACC3,-1.65084114,-1.492225123
TAF10,-1.262280795,-1.000286389
TAF12,-0.859608842,-0.788987833
TAF13,-1.24815025,-1.021689407
TAF1B,-0.82269347,-0.754710273
TAF1C,-1.366972221,-1.263845783
TAF2,-1.012850149,-0.786214962
TAF3,-1.087320607,-1.128557867
TAF4,-0.768773515,-0.795058922
TAF5,-1.149447449,-1.013396963
TAF6,-1.669946451,-1.533479639
TAF7,-1.722683795,-1.645919143
TAF8,-1.139801965,-0.84048012
TANGO6,-1.144600825,-0.884171103
TARDBP,-1.729826595,-1.116363082
TARS,-1.609243574,-1.13989242
TARS2,-1.2813618,-0.835438641
TAZ,-2.22947882,-1.069243887
TBCA,-3.094960713,-2.743241553
TBCB,-2.312440118,-2.033004033
TBCC,-1.509183767,-1.062407483
TBCD,-1.11759159,-0.984711486
TBL3,-1.427966966,-1.29218062
TBP,-2.063861283,-1.330720044
TCEB2,-2.900081734,-2.704796261
TCP1,-1.965440438,-1.462933011
TDP2,-1.41124382,-1.119874932
TEFM,-2.530605708,-1.79361455
TELO2,-1.771976116,-1.098004547
TEN1,-2.125226478,-1.977999036
TERF2,-1.009777481,-0.846235612
TEX10,-1.939871812,-1.544202926
TFAM,-1.83524896,-1.4815781
TFAP4,-0.930060976,-1.019654043
TFB2M,-1.14249875,-0.822245922
TFDP1,-0.780586396,-0.771666502
TFRC,-1.973378399,-1.354810647
THG1L,-1.791872744,-1.255874536
THOC1,-1.160282475,-0.978674087
THOC2,-1.676555261,-1.598836075
THOC3,-2.617938518,-2.228336956
THOC5,-1.381618461,-1.084431437
THOC6,-0.830154302,-0.827189397
THOC7,-1.997307665,-1.668002305
TIMELESS,-1.926225285,-1.476881538
TIMM10,-2.349899062,-1.834371992
TIMM13,-1.30690434,-0.912738349
TIMM22,-1.83502523,-1.29614191
TIMM23,-1.030396931,-1.034899817
TIMM44,-1.845366133,-1.418283869
TIMM50,-1.54051141,-0.997350695
TIMMDC1,-1.563400199,-1.175636327
TINF2,-1.550217202,-1.326093526
TIPRL,-1.899277299,-1.598916335
TKT,-2.516680696,-1.834793462
TMEM167A,-1.726082463,-1.553784653
TMEM199,-0.80409547,-0.802046993
TMEM258,-1.530465742,-1.227564066
TMEM261,-1.505737296,-0.854068
TMX2,-2.032408437,-1.647421196
TNFAIP3,-0.954353532,-0.847666144
TNPO3,-1.323105971,-1.021226983
TOE1,-2.082923757,-1.754729066
TOMM22,-1.352265273,-1.158517635
TOMM40,-2.086821615,-1.61706744
TONSL,-2.02525609,-1.572277577
TOP1,-1.182497441,-1.087945589
TOP2A,-1.66326985,-1.523001514
TOP3A,-1.483288178,-1.203760108
TOPBP1,-1.022817064,-1.029307877
TPI1,-1.925599201,-1.346419171
TPR,-1.500768614,-1.276096034
TPT1,-2.124211637,-1.986183666
TPX2,-0.806132944,-0.834184992
TRAIP,-1.522481887,-1.43502804
TRAPPC1,-3.41684821,-2.635654557
TRAPPC11,-1.629309521,-1.439911588
TRAPPC3,-1.891082302,-1.353600351
TRAPPC4,-1.699146967,-1.508843254
TRAPPC8,-1.956613311,-1.862210318
TRIAP1,-1.192539636,-0.799077364
TRIT1,-1.719213781,-0.857164553
TRMT10C,-1.419097219,-0.91706989
TRMT112,-1.692648046,-1.518015219
TRMT5,-2.1356626,-1.088314053
TRMT6,-1.521552683,-0.808981076
TRMT61A,-1.605621823,-1.005125478
TRNAU1AP,-1.18175046,-0.837031053
TRNT1,-1.757514829,-1.335511868
TRPM7,-1.313100275,-1.108054472
TRRAP,-1.642335925,-1.17415149
TRUB2,-1.207206081,-0.772456784
TSC2,-1.511345907,-1.165607676
TSEN2,-1.584009472,-1.507665487
TSEN34,-1.551348489,-1.204019876
TSEN54,-2.143657207,-1.679805324
TSFM,-1.836925726,-1.279100669
TSR1,-2.448011672,-2.19756459
TSR2,-1.427495579,-1.480954229
TTC1,-0.997870203,-0.983940875
TTC27,-1.895542528,-1.609374608
TTI1,-1.511831094,-0.999422046
TTI2,-1.402343337,-0.857096789
TTK,-0.85910112,-0.876460969
TUBB,-2.961591373,-2.54248896
TUBG1,-1.459311957,-1.156626147
TUBGCP2,-1.001232014,-0.765932108
TUBGCP3,-1.273363393,-0.97757229
TUBGCP4,-1.339460869,-1.354165194
TUBGCP5,-1.080400999,-0.878488261
TUFM,-1.837401569,-1.269475933
TUT1,-1.617680104,-1.45400434
TXN,-1.79187414,-2.139129552
TXNIP,-1.256819415,-1.198889073
TXNL4A,-2.285738639,-2.041521947
TXNL4B,-1.360818487,-1.215091081
TYMS,-1.668621427,-1.477129238
U2AF1,-1.233267976,-1.031662456
U2AF2,-0.983412945,-0.750798116
UBA1,-2.214870686,-1.78381775
UBA2,-1.417066678,-1.23071199
UBA3,-1.703047527,-1.647541483
UBA52,-1.516848054,-1.16649355
UBE2I,-1.948718997,-1.993341621
UBE2M,-1.746465638,-1.670292555
UBE2S,-0.96683937,-0.854420776
UBE3D,-1.244268825,-0.847507642
UBL5,-1.912038353,-1.443125122
UBR5,-1.02133014,-0.828266725
UBTF,-1.376154607,-1.116269305
UGP2,-1.123772646,-0.959311516
ULK3,-1.354341986,-1.068204617
UMPS,-1.782816011,-1.675963953
UPF1,-0.97794841,-0.810562759
UPF2,-1.451126,-1.292632542
UQCRB,-1.55884655,-1.436165162
UQCRC1,-1.009572648,-0.906775188
UQCRC2,-1.866120894,-1.536593993
UQCRFS1,-2.813683084,-2.313151606
URB1,-2.652059229,-2.259501931
URB2,-0.76492709,-0.778790067
URM1,-1.155732524,-1.018358846
UROD,-2.075014783,-1.690239438
UROS,-1.9910134,-1.677234324
USE1,-0.878808753,-0.811748012
USP10,-0.880084555,-0.848371307
USP37,-0.851537593,-0.807126574
USP5,-1.112181628,-1.137087118
USP7,-0.890579061,-0.939386328
UTP11L,-0.841555171,-0.861513407
UTP14A,-1.26928132,-0.916125036
UTP15,-1.747009127,-1.610067849
UTP20,-2.029100523,-1.764771795
UTP23,-2.298152498,-1.835940847
UTP3,-1.078979965,-1.086954034
UTP6,-1.330482485,-1.31523708
UXT,-1.236911791,-1.100003437
VARS,-1.8180853,-1.578247652
VARS2,-3.01976065,-2.0122819
VCP,-1.356271388,-1.325190718
VHL,-2.479757258,-1.925608878
VMA21,-1.726753553,-1.528078902
VMP1,-1.318883297,-1.075839156
VPS16,-1.052371529,-1.252412526
VPS25,-2.189990523,-1.649474046
VPS28,-1.392706472,-1.274592789
VPS29,-0.906808158,-0.887844627
VPS35,-1.028337173,-0.914001017
VPS45,-1.032219639,-0.885205878
VPS72,-1.26429043,-1.099565492
WAC,-0.87444594,-0.965739184
WAPAL,-2.174465784,-1.650151
WARS2,-1.852924262,-0.999261249
WBP11,-1.089574257,-1.336645751
WBSCR16,-1.40706453,-0.810986174
WBSCR22,-1.948743878,-1.4284605
WDHD1,-1.268209866,-1.085184423
WDR1,-2.387381196,-2.117950862
WDR12,-1.21091454,-0.994797051
WDR18,-1.73166327,-1.071334343
WDR24,-1.35718978,-1.117487847
WDR25,-1.392574377,-1.047823849
WDR3,-1.103194357,-0.96226026
WDR33,-2.645915479,-2.347361311
WDR36,-0.861998179,-0.761236007
WDR43,-1.709422815,-1.336668235
WDR46,-1.105650207,-0.956179522
WDR5,-1.248185505,-1.193969623
WDR55,-1.5882203,-1.156134541
WDR61,-1.744689106,-1.529469993
WDR7,-1.569078237,-1.328611833
WDR70,-1.325508475,-1.118880213
WDR73,-1.206987387,-0.765739586
WDR74,-2.3859811,-2.341752195
WDR75,-1.526290713,-1.232749941
WDR77,-2.952394962,-2.294426455
WDR82,-2.056716502,-1.815090028
WDR92,-2.157117818,-1.564233355
WEE1,-1.264663355,-1.235771753
WNK1,-1.486572286,-1.308655663
WRB,-2.600208969,-1.646440092
WT1,-0.81784479,-0.830543316
XAB2,-1.88329775,-1.61482889
XPO1,-2.337025661,-2.063526615
XPR1,-1.981155639,-1.54611001
XRCC2,-0.973598778,-0.817724852
XRCC3,-1.163840315,-0.914692222
XRCC5,-1.639951843,-1.578060039
XRCC6,-1.409302458,-1.108015316
XRN1,-1.015909443,-0.885604193
XRN2,-1.928869371,-1.493714591
YAE1D1,-1.63228597,-1.105567752
YARS,-2.828083424,-2.059902201
YBEY,-2.170527305,-0.861662278
YEATS4,-1.758323339,-1.194154825
YKT6,-1.332609596,-1.306743138
YRDC,-2.265626082,-1.897843338
YY1,-1.385353917,-1.102620744
ZBTB11,-1.637423756,-1.498748657
ZC3H18,-1.039567208,-1.050356617
ZC3H8,-1.132517529,-1.015841712
ZCCHC9,-1.499962446,-1.206764859
ZEB2,-1.181134873,-1.435114078
ZFP36L2,-1.441255108,-1.208601922
ZFYVE20,-1.298687974,-1.420258176
ZNF207,-1.62092207,-1.24298429
ZNF259,-1.235960086,-1.344062986
ZNF407,-2.059220474,-1.940329388
ZNF574,-2.059238233,-1.469690534
ZNF595,-1.823921543,-1.739168025
ZNF830,-1.155508646,-1.030512441
ZNHIT1,-0.802484394,-0.775116743
ZNHIT2,-1.29467838,-1.286117184
ZNHIT3,-0.924050282,-0.761935866
ZNHIT6,-0.948662352,-0.862893319
ZNRD1,-1.025405146,-1.201460255
ZRSR2,-1.41381917,-1.314920011
ZZZ3,-0.905825378,-0.783803234
